code,Latitude,Longitude,src
ADFMO,-6.64776,145.20021,MAPBOX
ADI,37.77229,38.25939,MAPBOX
AE,40.45150,-3.58360,MAPBOX
AEAAN,23.77368,78.32389,MAPBOX
AEARZ,47.75465,-117.09658,MAPBOX
AEDAS,2.62019,102.05855,MAPBOX
AEDUJ,58.01291,26.25743,MAPBOX
AEDUY,58.01291,26.25743,MAPBOX
AEFAT,32.96805,35.49236,MAPBOX
AEIND,25.73330,74.33295,MAPBOX
AEJEA,42.12643,-1.13993,MAPBOX
AEJED,24.21178,55.68864,MAPBOX
AEKHA,1.14559,99.64749,MAPBOX
AEMAS,-7.88269,112.53219,MAPBOX
AEPRA,13.43891,144.65085,MAPBOX
AF,33.83881,66.02647,MAPBOX
AFBIN,38.24626,36.91524,MAPBOX
AFBST,50.33672,6.37542,MAPBOX
AFDAZ,13.69348,-15.53291,MAPBOX
AFFAH,46.75452,15.38986,MAPBOX
AFFBD,18.00000,31.15000,MAPBOX
AFGZI,37.40686,39.10313,MAPBOX
AFHEA,36.97911,-88.28439,MAPBOX
AFHRT,51.96348,11.43518,MAPBOX
AFIMZ,8.10033,1.02612,MAPBOX
AFJAA,4.22488,41.58452,MAPBOX
AFKUR,28.66540,77.09943,MAPBOX
AFMAS,-0.95748,131.33601,MAPBOX
AFSGA,8.89330,125.68817,MAPBOX
AFTGH,16.23209,43.21729,MAPBOX
AFTII,9.90000,38.41667,MAPBOX
AFTQN,29.74661,-95.45379,MAPBOX
AFUND,26.95952,77.01106,MAPBOX
AFURN,38.19595,71.35773,MAPBOX
AFURZ,28.55549,-16.24848,MAPBOX
AFZAJ,24.17456,55.81457,MAPBOX
AG,17.11793,-61.84388,MAPBOX
AGANU,-6.37440,145.64620,MAPBOX
AI,18.19459,-63.08183,MAPBOX
AIAXA,-19.59232,-46.94028,MAPBOX
AIBLP,46.68176,15.22638,MAPBOX
AIFOR,64.94939,11.96173,MAPBOX
AIRBY,29.47097,-98.38131,MAPBOX
AIROA,42.79225,-6.98280,MAPBOX
AIW,-0.53405,166.91328,MAPBOX
AIWLL,53.25361,-9.22710,MAPBOX
AL,32.82887,-86.78929,MAPBOX
ALDRZ,66.40102,13.11635,MAPBOX
ALTEN,49.03032,7.96781,MAPBOX
ALTIA,39.94117,32.91855,MAPBOX
AM,39.38127,-97.92221,MAPBOX
AMAHU,-3.72598,128.14522,MAPBOX
AMJER,26.46934,74.63997,MAPBOX
AO,-12.09939,17.91229,MAPBOX
AOARZ,46.56485,11.48158,MAPBOX
AOBUG,40.79301,29.35600,MAPBOX
AOCAB,21.13830,-86.85425,MAPBOX
AOCAV,-34.03207,18.44683,MAPBOX
AOCFF,33.90192,-116.48974,MAPBOX
AOCTI,49.14262,6.17230,MAPBOX
AODGR,60.30655,22.28882,MAPBOX
AODUE,54.08759,-7.50403,MAPBOX
AOFPO,-13.53917,-172.51890,MAPBOX
AOGGC,30.76045,48.28214,MAPBOX
AOJMB,-33.93057,-57.81043,MAPBOX
AOKTI,36.37155,138.12297,MAPBOX
AOLAA,53.28520,69.38147,MAPBOX
AOLAD,53.28520,69.38147,MAPBOX
AOLIE,48.86751,2.37574,MAPBOX
AOLOB,14.27070,-1.05420,MAPBOX
AOLUC,37.82870,40.84096,MAPBOX
AOLUO,0.84409,122.91419,MAPBOX
AOMAL,-6.90571,109.53357,MAPBOX
AOMEG,65.24029,21.54910,MAPBOX
AOMLO,59.60214,5.20820,MAPBOX
AOMSZ,34.73333,36.71667,MAPBOX
AONOV,14.25800,-12.54197,MAPBOX
AONRQ,22.62823,77.55599,MAPBOX
AONZA,45.58464,9.27526,MAPBOX
AOPAT,69.76146,-51.30129,MAPBOX
AOPGI,36.23274,6.56363,MAPBOX
AOPLE,44.73194,-93.21762,MAPBOX
AOSOQ,31.12725,30.64317,MAPBOX
AOSPP,41.10339,29.41478,MAPBOX
AOSSY,32.39503,-80.69564,MAPBOX
AOSZA,45.73737,7.32061,MAPBOX
AOTAK,-40.75619,175.13841,MAPBOX
AOUAL,43.55436,2.11573,MAPBOX
AQ,-72.82204,0.00000,MAPBOX
AR,-36.25200,-63.95419,MAPBOX
ARAEP,-15.58945,-56.09360,MAPBOX
ARAFA,3.30326,97.15019,MAPBOX
ARAOL,32.99484,130.43375,MAPBOX
ARAPZ,41.03013,29.02845,MAPBOX
ARATU,-3.77134,-38.63152,MAPBOX
ARBQS,39.52731,8.60059,MAPBOX
ARCCT,12.90486,79.32413,MAPBOX
ARCHL,49.04315,17.00812,MAPBOX
ARCLX,52.27169,-6.79259,MAPBOX
ARCNT,12.90486,79.32413,MAPBOX
ARCOC,36.74977,-5.80944,MAPBOX
ARCPG,45.34104,4.31429,MAPBOX
ARCRD,13.21235,79.70640,MAPBOX
ARCRR,43.08718,-8.93718,MAPBOX
ARCRY,36.59551,-4.52876,MAPBOX
ARCTC,41.70301,-71.52570,MAPBOX
ARCUA,-37.61389,144.69782,MAPBOX
ARCVH,39.44788,-77.50082,MAPBOX
ARCVI,34.79930,-85.12140,MAPBOX
ARELO,33.52439,-117.72396,MAPBOX
AREQS,43.42735,-8.24324,MAPBOX
ARFMA,64.77907,25.81766,MAPBOX
ARGGS,44.85723,24.87194,MAPBOX
ARGPO,-7.66430,110.46222,MAPBOX
ARHOS,36.74977,-5.80944,MAPBOX
ARIGB,36.29143,2.06898,MAPBOX
ARING,16.39599,120.35664,MAPBOX
ARIRJ,9.91667,38.03333,MAPBOX
ARJLS,46.42162,18.91443,MAPBOX
ARJUJ,28.65829,77.29675,MAPBOX
ARLCM,31.87632,-94.53336,MAPBOX
ARLHS,43.67625,4.62763,MAPBOX
ARLLS,43.67625,4.62763,MAPBOX
ARLMD,45.78353,7.46744,MAPBOX
ARMCS,47.45851,3.54732,MAPBOX
ARMDX,45.84920,5.58539,MAPBOX
ARMDZ,42.16922,44.37723,MAPBOX
ARMJR,42.74059,-78.79853,MAPBOX
ARMQD,38.94214,-77.01331,MAPBOX
ARNEC,28.99261,-97.27252,MAPBOX
AROBE,43.36431,-5.19781,MAPBOX
AROES,40.80010,-8.30150,MAPBOX
AROLN,49.68346,5.81677,MAPBOX
ARORA,-6.52532,145.71035,MAPBOX
AROYA,38.85486,-103.12506,MAPBOX
ARPCY,47.60201,3.75614,MAPBOX
ARPGV,56.18581,15.39703,MAPBOX
ARPLO,48.17715,20.25866,MAPBOX
ARPOC,7.67090,123.22180,MAPBOX
ARPSS,43.57494,-80.36616,MAPBOX
ARPUB,23.55891,-15.89942,MAPBOX
ARQLV,60.25896,24.12333,MAPBOX
ARQPQ,-23.58308,-46.40610,MAPBOX
ARRAM,53.88467,-0.42572,MAPBOX
ARRDS,54.66301,-5.66803,MAPBOX
ARREL,48.04909,4.27640,MAPBOX
ARRES,50.12817,1.61616,MAPBOX
ARRSA,50.29079,2.77878,MAPBOX
ARSAL,34.18060,36.41951,MAPBOX
ARSDE,45.98353,11.75780,MAPBOX
ARSFE,45.98353,11.75780,MAPBOX
ARSGV,60.17434,24.75184,MAPBOX
ARSLA,36.59327,30.52843,MAPBOX
ARSLO,41.33762,72.92771,MAPBOX
ARSMT,62.29202,6.11549,MAPBOX
ARSST,62.29202,6.11549,MAPBOX
ARTDL,46.27282,-63.12139,MAPBOX
ARTTG,15.05000,24.46667,MAPBOX
ARUAQ,2.35146,99.11636,MAPBOX
ARVCF,48.43069,-92.85360,MAPBOX
ARVDR,48.75903,-2.95787,MAPBOX
ARVGS,45.86219,7.23087,MAPBOX
ARVLG,60.29578,24.96662,MAPBOX
ARVMD,51.20255,11.98303,MAPBOX
ARVTT,32.45951,35.05919,MAPBOX
ARXMV,55.84698,14.22211,MAPBOX
ARXOS,36.74977,-5.80944,MAPBOX
AS,-25.28005,-57.63438,MAPBOX
ASFTI,44.89946,8.20445,MAPBOX
ASOFU,41.19006,31.62878,MAPBOX
ASTAV,40.29161,35.29230,MAPBOX
AT,47.60780,14.30014,MAPBOX
ATAHN,43.00630,-2.17600,MAPBOX
ATAMK,53.87115,53.60419,MAPBOX
ATANF,-6.54773,106.76032,MAPBOX
ATASP,23.42747,88.06261,MAPBOX
ATBBH,37.11056,41.76361,MAPBOX
ATBNF,-31.27056,149.09872,MAPBOX
ATBRL,21.10283,-101.58432,MAPBOX
ATEEZ,42.93925,-1.70936,MAPBOX
ATENA,9.97872,-84.37845,MAPBOX
ATEUH,5.55096,95.32593,MAPBOX
ATFLH,29.40804,31.27280,MAPBOX
ATFLT,14.38205,46.31272,MAPBOX
ATFRN,24.62578,46.84659,MAPBOX
ATFRT,14.38205,46.31272,MAPBOX
ATFST,50.33672,6.37542,MAPBOX
ATFTH,29.40804,31.27280,MAPBOX
ATGAN,25.27338,88.21168,MAPBOX
ATHAD,22.10035,73.96815,MAPBOX
ATHAU,26.53706,85.50649,MAPBOX
ATHLL,-35.41305,149.06162,MAPBOX
ATHMG,60.22331,24.86619,MAPBOX
ATHOL,42.59390,-72.22859,MAPBOX
ATHRD,26.42927,85.46897,MAPBOX
ATHSN,24.60873,83.72545,MAPBOX
ATJDN,-26.85748,26.63169,MAPBOX
ATJUN,22.01712,88.27065,MAPBOX
ATKIE,8.77539,14.04688,MAPBOX
ATKMG,60.22331,24.86619,MAPBOX
ATLBN,59.55889,-133.69066,MAPBOX
ATLCU,15.22078,120.59393,MAPBOX
ATLEC,37.65398,-77.40219,MAPBOX
ATLEZ,37.65398,-77.40219,MAPBOX
ATLIZ,36.68620,39.21801,MAPBOX
ATLTN,59.55889,-133.69066,MAPBOX
ATLUT,19.00255,-98.76916,MAPBOX
ATLZG,14.82380,120.84670,MAPBOX
ATLZN,59.55889,-133.69066,MAPBOX
ATMEL,55.01574,-1.50025,MAPBOX
ATMHK,48.58205,-72.23642,MAPBOX
ATMIF,53.48167,43.92342,MAPBOX
ATMIK,40.69305,41.74732,MAPBOX
ATMIT,53.48167,43.92342,MAPBOX
ATMTH,36.31129,36.68735,MAPBOX
ATMUN,43.00630,-2.17600,MAPBOX
ATNES,60.87517,7.14967,MAPBOX
ATNUA,-13.95485,-171.65112,MAPBOX
ATOAL,52.51353,5.49121,MAPBOX
ATOBU,-4.83242,122.72036,MAPBOX
ATOHD,33.91956,-6.93779,MAPBOX
ATOWT,1.38001,33.79177,MAPBOX
ATPER,52.29357,7.95181,MAPBOX
ATPUF,22.77270,88.04140,MAPBOX
ATPUR,22.77270,88.04140,MAPBOX
ATRAB,57.92263,13.49300,MAPBOX
ATRIE,42.57912,13.97912,MAPBOX
ATRKL,19.68671,-98.89240,MAPBOX
ATRTT,55.00733,46.70002,MAPBOX
ATRTV,60.29587,25.03176,MAPBOX
ATRWL,19.68671,-98.89240,MAPBOX
ATRXG,57.98264,13.53458,MAPBOX
ATRZL,47.20737,10.76170,MAPBOX
ATSAR,-23.01996,47.50814,MAPBOX
ATSCH,50.78291,6.20432,MAPBOX
ATSCW,50.78291,6.20432,MAPBOX
ATSEN,28.01714,79.44653,MAPBOX
ATSER,52.29357,7.95181,MAPBOX
ATSIN,-18.15540,49.40984,MAPBOX
ATSJB,13.36667,39.56666,MAPBOX
ATSLL,45.26460,-75.76432,MAPBOX
ATSML,14.05825,38.59783,MAPBOX
ATSST,42.80479,2.23450,MAPBOX
ATSTA,34.51228,-117.31900,MAPBOX
ATSTS,-22.27964,-42.50238,MAPBOX
ATSTV,54.99115,-123.04118,MAPBOX
ATSTZ,54.99115,-123.04118,MAPBOX
ATSVT,31.68567,34.60055,MAPBOX
ATTBH,28.02150,77.49958,MAPBOX
ATTEC,5.34979,-4.04728,MAPBOX
ATTEL,49.74747,10.63476,MAPBOX
ATTFN,48.89009,6.08811,MAPBOX
ATTNZ,26.54470,-81.91002,MAPBOX
ATTOL,43.17188,12.45946,MAPBOX
ATTRW,12.50262,14.41767,MAPBOX
ATTSK,-22.27964,-42.50238,MAPBOX
ATULF,18.48801,73.79430,MAPBOX
ATUTD,28.73550,77.87381,MAPBOX
ATVLH,38.66176,-27.18283,MAPBOX
ATVOE,-17.53862,-149.36609,MAPBOX
ATWCE,50.68893,4.33053,MAPBOX
ATWNF,-31.27056,149.09872,MAPBOX
ATWNR,1.88914,32.91319,MAPBOX
ATWSS,17.53776,8.41248,MAPBOX
ATWTN,30.08011,76.84260,MAPBOX
ATXXX,52.21031,-174.20291,MAPBOX
AU,-25.73497,134.48956,MAPBOX
AUAAB,-2.16274,133.65266,MAPBOX
AUABG,-2.16274,133.65266,MAPBOX
AUABH,-2.16274,133.65266,MAPBOX
AUABL,4.92200,47.45030,MAPBOX
AUABM,-2.16274,133.65266,MAPBOX
AUABV,-2.16274,133.65266,MAPBOX
AUADA,7.31667,38.58333,MAPBOX
AUADO,31.70778,-111.06430,MAPBOX
AUAGY,47.96153,21.93516,MAPBOX
AUALA,-13.51546,-172.65285,MAPBOX
AUALH,-13.51546,-172.65285,MAPBOX
AUAMT,19.51226,-155.93706,MAPBOX
AUAMX,19.51226,-155.93706,MAPBOX
AUANZ,42.75280,-1.37950,MAPBOX
AUARD,53.25662,6.45961,MAPBOX
AUARL,4.92200,47.45030,MAPBOX
AUARM,-15.94850,-5.70282,MAPBOX
AUARY,-3.14612,-58.43818,MAPBOX
AUASP,15.23918,-83.87326,MAPBOX
AUAUD,20.42711,81.46296,MAPBOX
AUAUU,-14.28332,-170.56024,MAPBOX
AUAVG,68.66354,14.66923,MAPBOX
AUAWN,25.97748,84.82738,MAPBOX
AUAXC,8.99250,40.16767,MAPBOX
AUAXL,4.92200,47.45030,MAPBOX
AUAYD,-23.45180,-46.52249,MAPBOX
AUAYL,4.92200,47.45030,MAPBOX
AUAYR,-20.66031,-40.50544,MAPBOX
AUBAH,-6.97067,109.87290,MAPBOX
AUBAK,45.08192,1.19312,MAPBOX
AUBBE,48.29716,4.07463,MAPBOX
AUBCH,43.64780,0.58538,MAPBOX
AUBCI,43.87553,19.79307,MAPBOX
AUBCK,48.47240,15.67938,MAPBOX
AUBCZ,52.68951,17.68245,MAPBOX
AUBDD,50.59323,11.22948,MAPBOX
AUBDS,45.08192,1.19312,MAPBOX
AUBEE,47.13918,2.56008,MAPBOX
AUBEL,50.70415,5.85855,MAPBOX
AUBEO,48.29716,4.07463,MAPBOX
AUBEU,48.29716,4.07463,MAPBOX
AUBGN,46.89544,6.77578,MAPBOX
AUBGR,48.80148,2.37941,MAPBOX
AUBHS,45.08192,1.19312,MAPBOX
AUBHT,47.45877,-69.00312,MAPBOX
AUBIP,46.89544,6.77578,MAPBOX
AUBIW,46.89544,6.77578,MAPBOX
AUBLN,46.89544,6.77578,MAPBOX
AUBLO,40.43130,-3.64123,MAPBOX
AUBLS,45.08192,1.19312,MAPBOX
AUBLT,40.58248,-104.73155,MAPBOX
AUBME,48.29716,4.07463,MAPBOX
AUBND,26.95952,77.01106,MAPBOX
AUBNK,50.79456,-3.35109,MAPBOX
AUBOX,37.38832,-2.14614,MAPBOX
AUBQA,14.23305,-84.60698,MAPBOX
AUBQL,50.70415,5.85855,MAPBOX
AUBRA,14.23305,-84.60698,MAPBOX
AUBRJ,50.36975,3.46589,MAPBOX
AUBRK,50.36975,3.46589,MAPBOX
AUBRT,48.83271,2.12120,MAPBOX
AUBSJ,-32.96759,151.53005,MAPBOX
AUBTD,50.59323,11.22948,MAPBOX
AUBUS,45.95659,2.16758,MAPBOX
AUBUV,47.45877,-69.00312,MAPBOX
AUBUY,50.41467,3.05357,MAPBOX
AUBVI,49.71304,2.48228,MAPBOX
AUBVZ,46.78148,6.56192,MAPBOX
AUBWT,47.45877,-69.00312,MAPBOX
AUBYP,50.41467,3.05357,MAPBOX
AUBYX,50.41467,3.05357,MAPBOX
AUBZD,50.59323,11.22948,MAPBOX
AUCAL,-11.55939,-77.17573,MAPBOX
AUCAZ,42.93569,0.97416,MAPBOX
AUCBC,43.86417,2.04128,MAPBOX
AUCBI,-4.57067,-37.76557,MAPBOX
AUCBN,42.97313,-0.19346,MAPBOX
AUCBR,-42.16744,-73.48501,MAPBOX
AUCBY,50.51172,2.78677,MAPBOX
AUCCL,43.06989,13.41195,MAPBOX
AUCCU,-22.35688,-47.36028,MAPBOX
AUCCW,43.06989,13.41195,MAPBOX
AUCDA,-37.88522,-68.52006,MAPBOX
AUCDQ,44.32152,3.05984,MAPBOX
AUCDU,10.31350,11.57791,MAPBOX
AUCED,56.46624,22.89330,MAPBOX
AUCES,55.88771,26.54757,MAPBOX
AUCFH,43.64780,0.58538,MAPBOX
AUCFI,-4.57067,-37.76557,MAPBOX
AUCFS,-33.04828,-71.42065,MAPBOX
AUCHA,46.44199,-0.86786,MAPBOX
AUCHB,43.64780,0.58538,MAPBOX
AUCIE,55.82622,26.91550,MAPBOX
AUCKI,58.56178,-3.09617,MAPBOX
AUCLH,43.64780,0.58538,MAPBOX
AUCLL,50.38644,8.00576,MAPBOX
AUCLN,42.97313,-0.19346,MAPBOX
AUCLR,-42.16744,-73.48501,MAPBOX
AUCLT,40.58248,-104.73155,MAPBOX
AUCMA,-37.88522,-68.52006,MAPBOX
AUCMQ,44.32152,3.05984,MAPBOX
AUCNC,43.86417,2.04128,MAPBOX
AUCNS,-33.04828,-71.42065,MAPBOX
AUCOJ,-33.57068,-70.69883,MAPBOX
AUCOY,38.69642,-0.47677,MAPBOX
AUCPN,42.97313,-0.19346,MAPBOX
AUCPS,43.62841,6.22540,MAPBOX
AUCRH,43.64780,0.58538,MAPBOX
AUCRY,50.51172,2.78677,MAPBOX
AUCSI,58.46286,25.59589,MAPBOX
AUCTN,42.97313,-0.19346,MAPBOX
AUCTR,-42.16744,-73.48501,MAPBOX
AUCUD,-41.86706,-73.82736,MAPBOX
AUCUG,42.97313,-0.19346,MAPBOX
AUCUQ,41.06461,48.67967,MAPBOX
AUCUY,50.51172,2.78677,MAPBOX
AUCVC,43.86417,2.04128,MAPBOX
AUCVQ,44.32152,3.05984,MAPBOX
AUCWR,-42.16744,-73.48501,MAPBOX
AUCWT,47.08219,10.70100,MAPBOX
AUCXQ,44.32152,3.05984,MAPBOX
AUCXT,47.08219,10.70100,MAPBOX
AUCZY,50.51172,2.78677,MAPBOX
AUDAA,48.92657,2.24434,MAPBOX
AUDAJ,14.16180,38.90205,MAPBOX
AUDAM,5.81444,43.59222,MAPBOX
AUDBO,42.64899,-83.53015,MAPBOX
AUDBY,53.93399,-1.37837,MAPBOX
AUDDI,13.23973,39.57727,MAPBOX
AUDDN,49.47134,5.95719,MAPBOX
AUDFE,43.21304,2.34911,MAPBOX
AUDGE,43.21304,2.34911,MAPBOX
AUDHD,25.17903,85.79032,MAPBOX
AUDHL,25.17903,85.79032,MAPBOX
AUDKI,-8.77061,160.69926,MAPBOX
AUDLK,58.47016,23.05079,MAPBOX
AUDLV,58.47016,23.05079,MAPBOX
AUDMD,35.46818,-95.52882,MAPBOX
AUDNB,58.07982,7.30307,MAPBOX
AUDND,26.95952,77.01106,MAPBOX
AUDNM,-1.69633,130.29614,MAPBOX
AUDNQ,58.07982,7.30307,MAPBOX
AUDOX,43.79998,-0.82159,MAPBOX
AUDPO,-7.77851,147.04446,MAPBOX
AUDRB,48.92657,2.24434,MAPBOX
AUDRD,48.92657,2.24434,MAPBOX
AUDRN,49.47134,5.95719,MAPBOX
AUDRR,48.92657,2.24434,MAPBOX
AUDVR,31.66183,74.54375,MAPBOX
AUDXD,35.46818,-95.52882,MAPBOX
AUDYA,48.92657,2.24434,MAPBOX
AUDYM,53.05114,44.86894,MAPBOX
AUDYW,-8.07849,-39.11551,MAPBOX
AUECH,43.64780,0.58538,MAPBOX
AUEDB,48.41150,14.30475,MAPBOX
AUEDD,48.41150,14.30475,MAPBOX
AUEDR,46.34820,11.29921,MAPBOX
AUELC,50.17099,7.76679,MAPBOX
AUELE,47.26691,11.25055,MAPBOX
AUEMD,31.17666,29.87810,MAPBOX
AUENB,53.93089,9.05289,MAPBOX
AUEPR,46.34820,11.29921,MAPBOX
AUERB,50.75697,7.07299,MAPBOX
AUETD,48.41150,14.30475,MAPBOX
AUEUC,44.75611,7.94684,MAPBOX
AUFBN,-5.21977,145.53918,MAPBOX
AUFIK,-15.58909,-56.06421,MAPBOX
AUFIS,48.24269,14.25257,MAPBOX
AUFLS,65.77375,13.21879,MAPBOX
AUFLY,46.02654,-118.39685,MAPBOX
AUFOS,42.79971,1.65707,MAPBOX
AUFOT,0.78333,34.18333,MAPBOX
AUFRB,40.38240,-74.19725,MAPBOX
AUFRE,-8.33707,-36.42394,MAPBOX
AUFSL,49.40689,8.54195,MAPBOX
AUGAH,40.78306,29.62389,MAPBOX
AUGBN,47.92007,-2.28046,MAPBOX
AUGBV,56.01898,14.64676,MAPBOX
AUGDD,35.46818,-95.52882,MAPBOX
AUGEE,49.21658,2.80690,MAPBOX
AUGET,43.16884,0.56963,MAPBOX
AUGEX,49.21658,2.80690,MAPBOX
AUGFE,46.80400,7.16866,MAPBOX
AUGFN,47.92007,-2.28046,MAPBOX
AUGGD,38.25215,-93.03545,MAPBOX
AUGIC,47.77352,5.89547,MAPBOX
AUGLG,57.71771,26.96785,MAPBOX
AUGLI,57.71771,26.96785,MAPBOX
AUGLL,57.71771,26.96785,MAPBOX
AUGLM,57.71771,26.96785,MAPBOX
AUGLT,40.58248,-104.73155,MAPBOX
AUGLY,49.05913,6.12144,MAPBOX
AUGOI,46.36774,9.12593,MAPBOX
AUGOO,16.32316,120.36705,MAPBOX
AUGOS,-34.61918,-58.90176,MAPBOX
AUGOV,-36.31428,-57.54387,MAPBOX
AUGPN,47.92007,-2.28046,MAPBOX
AUGRH,26.96872,82.64276,MAPBOX
AUGSC,56.94888,24.78927,MAPBOX
AUGSN,9.53885,31.65842,MAPBOX
AUGTE,46.80400,7.16866,MAPBOX
AUGTS,47.26772,8.48528,MAPBOX
AUGTT,47.26772,8.48528,MAPBOX
AUGTY,49.05913,6.12144,MAPBOX
AUGUH,-7.12447,110.32163,MAPBOX
AUGUL,54.96159,-8.26514,MAPBOX
AUGYL,47.76719,3.60801,MAPBOX
AUGYP,47.76719,3.60801,MAPBOX
AUHAP,57.11783,56.52410,MAPBOX
AUHAT,14.25318,121.38306,MAPBOX
AUHID,52.50155,-8.72500,MAPBOX
AUHIG,51.74383,-9.84075,MAPBOX
AUHIH,33.95154,-6.87265,MAPBOX
AUHIP,47.74760,27.90279,MAPBOX
AUHIS,48.70790,2.38839,MAPBOX
AUHLL,50.38644,8.00576,MAPBOX
AUHLM,47.48597,12.24094,MAPBOX
AUHLS,40.80051,-80.02776,MAPBOX
AUHLT,40.58248,-104.73155,MAPBOX
AUHLV,-36.11798,146.83273,MAPBOX
AUHOK,12.97041,77.61029,MAPBOX
AUHOT,0.78333,34.18333,MAPBOX
AUHPE,19.17597,73.56939,MAPBOX
AUHPT,42.70821,0.90451,MAPBOX
AUHRN,32.47239,76.41726,MAPBOX
AUHRY,50.36975,3.46589,MAPBOX
AUHTI,-7.48732,111.59813,MAPBOX
AUHTU,7.28333,41.05000,MAPBOX
AUHUB,48.17607,13.89760,MAPBOX
AUHVB,48.17607,13.89760,MAPBOX
AUHYI,14.11830,44.40429,MAPBOX
AUIFF,35.97628,-87.31549,MAPBOX
AUIGH,-26.80861,152.99555,MAPBOX
AUIKP,30.38423,-89.34506,MAPBOX
AUING,48.41215,9.51744,MAPBOX
AUINJ,48.28218,13.71712,MAPBOX
AUINM,48.28218,13.71712,MAPBOX
AUIPS,43.62841,6.22540,MAPBOX
AUIRG,48.28218,13.71712,MAPBOX
AUISA,42.68000,-0.62048,MAPBOX
AUISI,58.46286,25.59589,MAPBOX
AUIVR,-23.53139,-46.40475,MAPBOX
AUJAB,37.47686,45.89479,MAPBOX
AUJAD,21.16896,81.33499,MAPBOX
AUJCK,47.85722,13.78374,MAPBOX
AUJHQ,26.12255,82.04473,MAPBOX
AUJOV,-22.73875,-47.61139,MAPBOX
AUJUN,49.47134,5.95719,MAPBOX
AUJUR,-7.61272,109.25261,MAPBOX
AUKAH,-36.78923,174.66494,MAPBOX
AUKAX,14.94125,-83.83076,MAPBOX
AUKBY,50.41467,3.05357,MAPBOX
AUKCE,58.38667,-134.65360,MAPBOX
AUKCS,-31.83546,115.89489,MAPBOX
AUKDS,45.65501,-61.44804,MAPBOX
AUKGI,58.46286,25.59589,MAPBOX
AUKGR,-6.08811,149.43243,MAPBOX
AUKGY,47.76719,3.60801,MAPBOX
AUKIB,-8.77061,160.69926,MAPBOX
AUKIT,1.28341,103.82018,MAPBOX
AUKKP,60.56761,21.68067,MAPBOX
AUKLP,55.94794,26.89245,MAPBOX
AUKML,31.45225,77.05215,MAPBOX
AUKNI,58.46286,25.59589,MAPBOX
AUKNS,-31.83546,115.89489,MAPBOX
AUKOH,5.57315,95.36290,MAPBOX
AUKOI,21.96926,-159.36945,MAPBOX
AUKPS,43.62841,6.22540,MAPBOX
AUKRA,62.80416,6.88956,MAPBOX
AUKRD,62.80416,6.88956,MAPBOX
AUKSV,58.46286,25.59589,MAPBOX
AUKTA,57.48911,-134.56081,MAPBOX
AUKTR,-6.08811,149.43243,MAPBOX
AUKUG,-6.08811,149.43243,MAPBOX
AUKUR,-6.08811,149.43243,MAPBOX
AUKWI,58.46286,25.59589,MAPBOX
AUKWM,38.55689,-120.72636,MAPBOX
AUKYI,58.46286,25.59589,MAPBOX
AULAB,25.63814,88.04744,MAPBOX
AULCN,44.22253,5.42817,MAPBOX
AULDC,55.95994,-3.45994,MAPBOX
AULDH,55.81995,-4.29983,MAPBOX
AULDW,56.25900,-2.62964,MAPBOX
AULEA,65.58450,22.15514,MAPBOX
AULEL,55.66764,25.46932,MAPBOX
AULER,59.28407,10.33375,MAPBOX
AULGH,30.64930,74.91425,MAPBOX
AULGT,40.58248,-104.73155,MAPBOX
AULHG,46.75460,8.09917,MAPBOX
AULIB,26.28013,89.37982,MAPBOX
AULIV,-19.94242,-44.14267,MAPBOX
AULKD,56.01791,-3.74431,MAPBOX
AULKU,23.62248,84.26060,MAPBOX
AULLG,44.20815,9.97040,MAPBOX
AULLL,44.20815,9.97040,MAPBOX
AULLP,44.20815,9.97040,MAPBOX
AULME,53.46728,-2.24958,MAPBOX
AULNH,38.27559,-97.07701,MAPBOX
AULNO,50.33107,3.53020,MAPBOX
AULOA,21.37455,-157.77225,MAPBOX
AULOC,45.87071,-64.28108,MAPBOX
AULRE,63.26825,8.53070,MAPBOX
AULST,47.34195,9.19199,MAPBOX
AULSY,49.16020,-122.84838,MAPBOX
AULTB,57.83981,-5.58475,MAPBOX
AULTP,40.58248,-104.73155,MAPBOX
AULTV,57.04134,-5.70542,MAPBOX
AULUC,54.80284,9.55907,MAPBOX
AULUT,56.26592,8.79745,MAPBOX
AULUU,56.26592,8.79745,MAPBOX
AULVO,-6.10217,149.47496,MAPBOX
AULWH,30.64930,74.91425,MAPBOX
AULYT,40.58248,-104.73155,MAPBOX
AULZR,-22.94514,-43.67675,MAPBOX
AUMBH,24.53091,85.83459,MAPBOX
AUMBN,41.03089,-81.43101,MAPBOX
AUMCY,48.55364,1.11873,MAPBOX
AUMDA,62.20003,10.88283,MAPBOX
AUMEB,43.46643,3.46357,MAPBOX
AUMET,49.41676,5.94042,MAPBOX
AUMFL,53.52914,10.31461,MAPBOX
AUMGT,42.03272,2.88582,MAPBOX
AUMHO,-5.76252,148.43465,MAPBOX
AUMHU,-7.53883,145.16501,MAPBOX
AUMIB,2.19073,32.98490,MAPBOX
AUMIH,2.19073,32.98490,MAPBOX
AUMIL,47.94421,11.28517,MAPBOX
AUMIM,2.19073,32.98490,MAPBOX
AUMIN,46.89544,6.77578,MAPBOX
AUMIY,2.19073,32.98490,MAPBOX
AUMIZ,2.19073,32.98490,MAPBOX
AUMKR,47.05999,5.34600,MAPBOX
AUMLR,47.05999,5.34600,MAPBOX
AUMNE,48.03941,-0.05960,MAPBOX
AUMNG,26.15423,80.56676,MAPBOX
AUMNV,59.77054,13.46187,MAPBOX
AUMOO,47.70522,11.93156,MAPBOX
AUMOU,-5.76252,148.43465,MAPBOX
AUMOV,-5.76252,148.43465,MAPBOX
AUMQA,2.95750,22.74926,MAPBOX
AUMQE,-36.85240,174.84815,MAPBOX
AUMQL,53.52914,10.31461,MAPBOX
AUMRG,60.17569,24.60267,MAPBOX
AUMRL,48.11020,14.83852,MAPBOX
AUMRS,43.46643,3.46357,MAPBOX
AUMRT,52.72239,7.91845,MAPBOX
AUMTL,53.52914,10.31461,MAPBOX
AUMUP,-7.53883,145.16501,MAPBOX
AUMUQ,-7.53883,145.16501,MAPBOX
AUMVU,-7.53883,145.16501,MAPBOX
AUMWT,42.03272,2.88582,MAPBOX
AUMWY,48.55364,1.11873,MAPBOX
AUMXU,-7.53883,145.16501,MAPBOX
AUMYA,-6.23308,145.94790,MAPBOX
AUMYI,2.19073,32.98490,MAPBOX
AUMYO,-5.76252,148.43465,MAPBOX
AUNAA,48.44090,1.80778,MAPBOX
AUNAC,45.91625,0.24329,MAPBOX
AUNAR,-6.51938,106.49895,MAPBOX
AUNBH,18.56055,73.80924,MAPBOX
AUNBR,48.19799,16.37893,MAPBOX
AUNDS,18.56055,73.80924,MAPBOX
AUNGA,3.42336,31.20908,MAPBOX
AUNIF,47.74980,13.06614,MAPBOX
AUNKB,50.79456,-3.35109,MAPBOX
AUNLF,21.02053,84.79246,MAPBOX
AUNLL,50.38644,8.00576,MAPBOX
AUNLS,21.02053,84.79246,MAPBOX
AUNMP,13.76850,100.54892,MAPBOX
AUNMR,48.44196,-81.28500,MAPBOX
AUNOA,-33.45498,-70.59790,MAPBOX
AUNOO,18.35130,78.71735,MAPBOX
AUNPP,13.76850,100.54892,MAPBOX
AUNRA,24.04723,85.91909,MAPBOX
AUNRG,24.04723,85.91909,MAPBOX
AUNRY,50.36975,3.46589,MAPBOX
AUNSA,14.36479,74.45791,MAPBOX
AUNSD,26.31886,85.94297,MAPBOX
AUNSM,26.31886,85.94297,MAPBOX
AUNSO,55.61723,12.38264,MAPBOX
AUNSV,63.51030,10.82300,MAPBOX
AUNTE,44.05576,-123.37367,MAPBOX
AUNTL,27.01814,80.71289,MAPBOX
AUNTN,40.51730,-2.78967,MAPBOX
AUNUB,11.01615,124.59920,MAPBOX
AUNUR,37.81933,30.53217,MAPBOX
AUNYN,40.51730,-2.78967,MAPBOX
AUOAG,68.66354,14.66923,MAPBOX
AUOBA,38.26889,140.87001,MAPBOX
AUODD,35.46818,-95.52882,MAPBOX
AUOKB,-26.10136,28.10206,MAPBOX
AUOKR,30.51933,31.20928,MAPBOX
AUOLP,20.84695,-156.31510,MAPBOX
AUONG,12.25350,109.19567,MAPBOX
AUONR,48.44196,-81.28500,MAPBOX
AUOOR,9.15348,76.73425,MAPBOX
AUOPI,9.99944,-84.20710,MAPBOX
AUORS,46.70209,9.18554,MAPBOX
AUOSB,37.07097,30.62207,MAPBOX
AUOXO,43.71172,-7.74743,MAPBOX
AUOXY,48.11826,2.47736,MAPBOX
AUOYN,-34.40729,149.08257,MAPBOX
AUPAE,-8.92960,125.40972,MAPBOX
AUPAU,-2.11654,115.54196,MAPBOX
AUPBO,-7.77851,147.04446,MAPBOX
AUPBY,50.41467,3.05357,MAPBOX
AUPCE,56.46624,22.89330,MAPBOX
AUPCK,47.85722,13.78374,MAPBOX
AUPDE,43.21304,2.34911,MAPBOX
AUPDN,43.34888,0.89486,MAPBOX
AUPEA,46.03863,25.22158,MAPBOX
AUPEL,-7.45147,110.54405,MAPBOX
AUPEP,-20.64465,135.58737,MAPBOX
AUPEX,35.73251,-78.85033,MAPBOX
AUPEY,18.35195,-66.04624,MAPBOX
AUPGI,-6.23958,149.54244,MAPBOX
AUPHE,-22.72789,-42.95244,MAPBOX
AUPHU,27.19206,94.99935,MAPBOX
AUPKE,58.38667,-134.65360,MAPBOX
AUPLA,48.30683,16.35302,MAPBOX
AUPLO,4.51984,-74.59353,MAPBOX
AUPPI,3.36035,31.12354,MAPBOX
AUPRB,45.39869,5.67110,MAPBOX
AUPRC,45.39869,5.67110,MAPBOX
AUPRD,45.39869,5.67110,MAPBOX
AUPRM,45.39869,5.67110,MAPBOX
AUPSM,43.62841,6.22540,MAPBOX
AUPST,43.62841,6.22540,MAPBOX
AUPSY,43.62841,6.22540,MAPBOX
AUPTE,49.30864,-1.36246,MAPBOX
AUPTI,1.95822,33.54590,MAPBOX
AUPUG,47.89970,1.53874,MAPBOX
AUPWI,3.36035,31.12354,MAPBOX
AUPWL,-5.53136,147.91148,MAPBOX
AUQDN,27.67395,-97.37447,MAPBOX
AURAB,26.58936,87.21570,MAPBOX
AURAM,25.84394,81.20762,MAPBOX
AURBC,45.36955,4.20031,MAPBOX
AURBS,45.04709,6.09447,MAPBOX
AURBU,47.64451,12.17780,MAPBOX
AURBY,47.66687,-2.98415,MAPBOX
AURCE,43.40974,-3.94179,MAPBOX
AURCH,43.64780,0.58538,MAPBOX
AURCM,-32.20488,152.52372,MAPBOX
AURCN,43.53569,1.68300,MAPBOX
AURDA,46.31450,-96.00890,MAPBOX
AURDN,43.53569,1.68300,MAPBOX
AUREN,43.30425,0.08682,MAPBOX
AURHL,44.12914,5.42711,MAPBOX
AURKY,47.66687,-2.98415,MAPBOX
AURLP,48.11020,14.83852,MAPBOX
AURMA,36.85050,30.59887,MAPBOX
AUROH,15.74910,38.75213,MAPBOX
AUROK,15.58228,120.91876,MAPBOX
AURPM,-32.20488,152.52372,MAPBOX
AURPV,64.69068,21.24844,MAPBOX
AURRE,43.34846,-2.89567,MAPBOX
AURRV,64.69068,21.24844,MAPBOX
AURSB,47.01732,15.86209,MAPBOX
AURSE,49.10563,-0.70703,MAPBOX
AURTP,52.72239,7.91845,MAPBOX
AURTS,48.86536,2.35568,MAPBOX
AURTY,47.66687,-2.98415,MAPBOX
AUSBR,36.80081,-86.44666,MAPBOX
AUSBY,31.66519,-83.95077,MAPBOX
AUSCG,-38.03388,145.23647,MAPBOX
AUSGO,30.19272,-82.62526,MAPBOX
AUSHB,22.75262,88.19061,MAPBOX
AUSHQ,23.25867,88.00867,MAPBOX
AUSHT,51.60051,-2.61739,MAPBOX
AUSHU,48.98891,8.63156,MAPBOX
AUSIO,46.36774,9.12593,MAPBOX
AUSIX,44.54081,0.04861,MAPBOX
AUSKV,60.46635,26.30249,MAPBOX
AUSKY,56.09100,49.88019,MAPBOX
AUSMT,51.60051,-2.61739,MAPBOX
AUSNH,47.06046,8.73330,MAPBOX
AUSOI,45.12583,1.73069,MAPBOX
AUSRM,55.55974,25.37710,MAPBOX
AUSRN,25.00999,83.57494,MAPBOX
AUSRR,-9.12902,125.57946,MAPBOX
AUSSH,13.81092,37.13762,MAPBOX
AUSSK,13.81092,37.13762,MAPBOX
AUSSP,50.69981,10.89801,MAPBOX
AUSTA,59.72954,10.20540,MAPBOX
AUSTF,51.37795,8.07039,MAPBOX
AUSTG,60.03869,12.37530,MAPBOX
AUSTH,59.07484,10.44212,MAPBOX
AUSVM,30.12263,31.13364,MAPBOX
AUSWH,47.06046,8.73330,MAPBOX
AUSWR,-9.12902,125.57946,MAPBOX
AUSXE,26.87631,81.61469,MAPBOX
AUSYU,47.03597,22.49438,MAPBOX
AUTAN,48.19087,7.84606,MAPBOX
AUTAQ,52.23239,9.23552,MAPBOX
AUTBK,25.36624,55.40429,MAPBOX
AUTBL,42.21482,-2.00539,MAPBOX
AUTCA,48.39908,9.99367,MAPBOX
AUTDR,33.04231,-90.70966,MAPBOX
AUTEF,47.54048,5.69525,MAPBOX
AUTEM,-8.52198,126.99871,MAPBOX
AUTGH,38.82110,-76.90234,MAPBOX
AUTGN,46.95070,4.29960,MAPBOX
AUTHE,45.63079,3.18319,MAPBOX
AUTHG,38.82110,-76.90234,MAPBOX
AUTIN,50.84210,1.98556,MAPBOX
AUTIS,49.95736,7.73759,MAPBOX
AUTKY,47.59801,2.60171,MAPBOX
AUTME,59.32793,27.42035,MAPBOX
AUTMW,41.62870,-85.92459,MAPBOX
AUTOB,47.92576,16.90807,MAPBOX
AUTPR,33.04231,-90.70966,MAPBOX
AUTPT,47.54048,5.69525,MAPBOX
AUTRB,47.59801,2.60171,MAPBOX
AUTRO,25.94014,83.80347,MAPBOX
AUTSV,-36.31428,-57.54387,MAPBOX
AUTUM,35.04940,-89.83873,MAPBOX
AUTWN,46.95070,4.29960,MAPBOX
AUTWP,47.25581,-91.96770,MAPBOX
AUTXR,33.04231,-90.70966,MAPBOX
AUTYB,44.19002,1.46746,MAPBOX
AUTYG,44.19002,1.46746,MAPBOX
AUTYP,44.19002,1.46746,MAPBOX
AUUBU,0.05058,32.21512,MAPBOX
AUUDA,40.57207,-8.44782,MAPBOX
AUUEE,48.11872,14.99628,MAPBOX
AUUIR,26.81497,79.79410,MAPBOX
AUULT,40.58248,-104.73155,MAPBOX
AUUMR,47.05999,5.34600,MAPBOX
AUURN,32.60655,-85.48173,MAPBOX
AUVAR,43.98833,6.90853,MAPBOX
AUVIB,39.17788,-79.72368,MAPBOX
AUVIT,47.50898,5.51691,MAPBOX
AUVNR,28.57463,-81.30507,MAPBOX
AUWAL,48.23998,10.06308,MAPBOX
AUWAN,24.96206,83.94067,MAPBOX
AUWAU,8.38333,33.70000,MAPBOX
AUWAV,24.35844,86.81451,MAPBOX
AUWAZ,24.35844,86.81451,MAPBOX
AUWBY,50.41467,3.05357,MAPBOX
AUWCL,51.46435,6.24318,MAPBOX
AUWDD,35.46818,-95.52882,MAPBOX
AUWDI,-6.01979,149.50204,MAPBOX
AUWEH,-6.36337,106.23989,MAPBOX
AUWEI,51.01310,6.85794,MAPBOX
AUWEP,51.46435,6.24318,MAPBOX
AUWEW,51.46435,6.24318,MAPBOX
AUWGE,46.80400,7.16866,MAPBOX
AUWIN,47.73797,16.40180,MAPBOX
AUWIO,46.36774,9.12593,MAPBOX
AUWLA,44.20815,9.97040,MAPBOX
AUWLG,47.98043,17.01391,MAPBOX
AUWLL,51.46435,6.24318,MAPBOX
AUWLM,47.48597,12.24094,MAPBOX
AUWLO,-6.10217,149.47496,MAPBOX
AUWLS,51.64611,22.61639,MAPBOX
AUWME,19.67790,-155.04389,MAPBOX
AUWND,26.95952,77.01106,MAPBOX
AUWNR,25.62728,82.86828,MAPBOX
AUWNT,27.01814,80.71289,MAPBOX
AUWNY,49.05913,6.12144,MAPBOX
AUWOD,59.46902,10.78686,MAPBOX
AUWOG,47.98043,17.01391,MAPBOX
AUWOH,48.56707,12.20610,MAPBOX
AUWOL,37.44471,126.70171,MAPBOX
AUWON,37.26491,127.02837,MAPBOX
AUWOT,0.78333,34.18333,MAPBOX
AUWPS,43.62841,6.22540,MAPBOX
AUWSY,49.53090,0.35285,MAPBOX
AUWUN,49.47134,5.95719,MAPBOX
AUWWI,21.39896,-157.74913,MAPBOX
AUWYA,25.62818,73.63531,MAPBOX
AUWYN,24.96206,83.94067,MAPBOX
AUXCO,17.20833,-100.75722,MAPBOX
AUXMY,48.11826,2.47736,MAPBOX
AUXTO,14.40738,79.94662,MAPBOX
AUXTR,48.38554,9.18918,MAPBOX
AUYAM,9.98316,-69.51852,MAPBOX
AUYBA,13.95818,39.47633,MAPBOX
AUYUE,30.10452,105.33632,MAPBOX
AUZBO,59.25242,5.84640,MAPBOX
AUZGL,43.55148,1.81858,MAPBOX
AUZZZ,46.10114,13.68307,MAPBOX
AW,12.51563,-69.97564,MAPBOX
AWDEU,27.05549,95.10033,MAPBOX
AWORJ,2.57769,30.88921,MAPBOX
AX,36.65973,-79.71181,MAPBOX
AZ,40.41826,47.72034,MAPBOX
AZBAK,34.89792,45.54932,MAPBOX
AZGAL,2.40696,31.19606,MAPBOX
AZGEN,44.20472,0.61696,MAPBOX
AZKEC,36.82239,-107.99504,MAPBOX
AZNAK,54.86361,53.08037,MAPBOX
BA,-6.91361,107.61036,MAPBOX
BABIR,-2.53622,115.13783,MAPBOX
BAKAL,-6.79162,110.83362,MAPBOX
BAOMO,7.93032,-11.43804,MAPBOX
BAPJR,12.36891,123.61688,MAPBOX
BAUJV,55.75371,13.19402,MAPBOX
BAZCA,37.99188,-3.46914,MAPBOX
BB,13.17872,-59.56195,MAPBOX
BBSAP,11.87197,13.25810,MAPBOX
BD,24.34761,90.07797,MAPBOX
BDAKH,15.28350,-16.45161,MAPBOX
BDCHL,47.71975,11.41260,MAPBOX
BDCLA,47.02989,28.78679,MAPBOX
BDIRD,25.73534,-80.44794,MAPBOX
BDKAM,-1.83856,105.97845,MAPBOX
BDKHL,13.86961,44.86217,MAPBOX
BDLAK,-7.23123,112.78029,MAPBOX
BDMON,40.52606,-79.49339,MAPBOX
BDNAR,42.86690,-5.32371,MAPBOX
BDPAN,9.00117,17.95620,MAPBOX
BDPAR,19.18701,73.08664,MAPBOX
BDRAU,2.15027,117.49708,MAPBOX
BDSAJ,45.67175,5.52297,MAPBOX
BE,50.43870,4.63358,MAPBOX
BEABK,8.31812,16.02428,MAPBOX
BEANT,39.09365,-77.13428,MAPBOX
BEANW,36.26795,-76.28066,MAPBOX
BEAVG,23.89500,84.47723,MAPBOX
BEHRT,47.31857,-2.20873,MAPBOX
BEIAI,21.48330,109.11569,MAPBOX
BESKA,40.73700,31.58634,MAPBOX
BESKM,45.13001,20.06740,MAPBOX
BETBA,27.45679,94.37495,MAPBOX
BETRG,48.19020,15.78138,MAPBOX
BETTJ,51.85445,4.14452,MAPBOX
BEWAH,54.91058,-2.94873,MAPBOX
BF,12.27793,-1.57306,MAPBOX
BFARL,50.02776,7.16751,MAPBOX
BFBOU,8.11498,16.34773,MAPBOX
BFDIP,-4.99604,145.67421,MAPBOX
BFDJI,10.01917,20.90638,MAPBOX
BFDOR,4.11166,101.28754,MAPBOX
BFGAO,8.17522,-5.71047,MAPBOX
BFKAN,0.60562,124.28947,MAPBOX
BFKAY,13.93443,-5.89196,MAPBOX
BFNOU,6.62349,18.34158,MAPBOX
BFOUA,2.33207,10.83215,MAPBOX
BFOUG,48.68388,5.78907,MAPBOX
BFTUQ,-0.35329,116.32523,MAPBOX
BG,42.76138,25.23151,MAPBOX
BGAND,37.09996,-81.11453,MAPBOX
BGBRE,20.77332,74.96072,MAPBOX
BGBYL,-28.72000,152.80028,MAPBOX
BGDOD,23.78974,75.81106,MAPBOX
BGETS,42.95421,133.06944,MAPBOX
BGGAV,56.10260,14.50563,MAPBOX
BGGOD,46.87664,16.74844,MAPBOX
BGGOV,44.35523,17.99054,MAPBOX
BGIOV,44.65238,10.93494,MAPBOX
BGIVL,40.04273,-2.30311,MAPBOX
BGKAL,13.97271,121.68018,MAPBOX
BGKAR,12.15591,170.10482,MAPBOX
BGKAT,-2.59116,115.37270,MAPBOX
BGKOL,14.41692,-16.45018,MAPBOX
BGKVO,1.28902,34.74101,MAPBOX
BGLOM,8.44442,18.75634,MAPBOX
BGLSD,53.82878,11.67204,MAPBOX
BGMEL,18.59672,82.48237,MAPBOX
BGOLT,37.76230,-81.41234,MAPBOX
BGORE,43.75483,-79.70720,MAPBOX
BGOZA,-7.22605,39.42560,MAPBOX
BGPDA,29.97268,77.05668,MAPBOX
BGPEG,30.66351,-87.35440,MAPBOX
BGPOD,22.30020,73.23853,MAPBOX
BGPOK,4.44543,10.81361,MAPBOX
BGPOR,12.36891,123.61688,MAPBOX
BGPZA,14.54102,4.24482,MAPBOX
BGRDI,44.63216,9.73056,MAPBOX
BGRGL,46.97893,15.92770,MAPBOX
BGSBP,33.38970,74.32954,MAPBOX
BGSLP,37.80722,-84.66248,MAPBOX
BGSLS,53.82878,11.67204,MAPBOX
BGSLU,37.80722,-84.66248,MAPBOX
BGSOM,43.06725,-78.39180,MAPBOX
BGSUZ,45.83583,13.21082,MAPBOX
BGTGA,10.77512,122.28999,MAPBOX
BGTOL,7.69445,16.03670,MAPBOX
BGTPL,48.72458,16.38659,MAPBOX
BGVAR,-7.03582,-37.30121,MAPBOX
BGVAS,46.70744,8.87168,MAPBOX
BGVID,41.00602,-106.26138,MAPBOX
BGVLE,37.33869,-82.97989,MAPBOX
BGVRE,60.90529,10.64573,MAPBOX
BGZLA,39.60658,38.86871,MAPBOX
BH,26.02241,50.55964,MAPBOX
BHASK,13.05325,80.19705,MAPBOX
BI,52.47970,-1.90269,MAPBOX
BIBJM,3.67293,12.78858,MAPBOX
BIGID,14.54202,121.08043,MAPBOX
BIKRE,46.53738,6.33399,MAPBOX
BJ,10.33838,2.42667,MAPBOX
BJDJA,4.36382,21.47769,MAPBOX
BJNAE,19.55667,84.82259,MAPBOX
BJSEM,29.81204,31.30628,MAPBOX
BL,53.54000,28.04679,MAPBOX
BLGUS,41.33115,1.92232,MAPBOX
BM,32.31792,-64.73701,MAPBOX
BMBDA,22.73054,77.57446,MAPBOX
BN,4.56547,114.56241,MAPBOX
BNLUM,32.14270,-97.39730,MAPBOX
BNMUA,25.37943,88.02281,MAPBOX
BNSER,46.72245,10.86108,MAPBOX
BNTAS,37.24632,-1.91809,MAPBOX
BO,7.61957,-65.80200,MAPBOX
BOSRB,32.52237,36.48160,MAPBOX
BQ,12.14924,-68.27092,MAPBOX
BR,-9.58890,-51.61979,MAPBOX
BRACY,36.59987,-78.14278,MAPBOX
BRAJE,24.48436,92.16666,MAPBOX
BRAL2,44.82616,1.75560,MAPBOX
BRALQ,13.76795,15.06833,MAPBOX
BRAMJ,43.77216,-79.66318,MAPBOX
BRAVB,32.17755,-110.95203,MAPBOX
BRAXE,43.29239,-8.19700,MAPBOX
BRCFC,44.19360,15.63995,MAPBOX
BRCJT,41.55527,2.05542,MAPBOX
BRCKO,44.87679,18.81018,MAPBOX
BRCKS,29.34140,-98.43991,MAPBOX
BRCTQ,39.43760,-78.00289,MAPBOX
BRDIQ,29.08971,30.94211,MAPBOX
BRDOG,43.44824,19.82085,MAPBOX
BRDSU,27.22682,76.90854,MAPBOX
BREDM,57.29884,10.36831,MAPBOX
BREZI,45.90387,15.59309,MAPBOX
BRFEC,48.10220,-4.00128,MAPBOX
BRFLB,38.91320,-94.34169,MAPBOX
BRGCE,-25.41082,-49.20579,MAPBOX
BRGEM,46.60595,-1.83527,MAPBOX
BRGSU,47.01550,7.76600,MAPBOX
BRHAR,25.20176,85.52006,MAPBOX
BRIJJ,28.67058,77.33532,MAPBOX
BRIJT,43.09690,-93.80180,MAPBOX
BRILB,52.65900,4.80954,MAPBOX
BRIMJ,38.00802,-4.79291,MAPBOX
BRIT2,46.69798,6.91946,MAPBOX
BRITZ,52.44600,13.44399,MAPBOX
BRIVU,55.77003,26.49350,MAPBOX
BRIYT,43.09690,-93.80180,MAPBOX
BRJBL,49.57355,8.06122,MAPBOX
BRJBU,45.18066,25.76726,MAPBOX
BRJTU,49.87189,8.62698,MAPBOX
BRLAZ,-21.46909,-47.00009,MAPBOX
BRLEI,5.88052,44.76266,MAPBOX
BRLNG,-8.49954,117.41717,MAPBOX
BRLNH,50.00108,15.55601,MAPBOX
BRLOZ,44.02592,19.10425,MAPBOX
BRMBK,40.24623,-111.65226,MAPBOX
BRMBZ,40.24623,-111.65226,MAPBOX
